N,pair_id,member,p2,p3,p4,s0,s1,s2,s3,s4,s5,s6,s7,s8,s9,geometric_mean_logdet,harmonic_mean,minimum_singular_value,inverse_condition_number,low_tail_log_resolvent_lambda_0.02,low_tail_log_resolvent_lambda_0.05,low_tail_log_resolvent_lambda_0.10,low_tail_log_resolvent_lambda_0.20
8,0,A,1.0,2.101045211769015,4.907399444746777,0.9821698589874275,0.7089580405712175,0.5975755066664044,2.4819788918757335,0.11591090335182112,0.0030823859618486476,0.04352072522341621,0.0081404409406396,,,0.13789361943465359,0.01655021672865449,0.0030823859618486476,0.0012419065979723792,-3.2203037534977486,-2.6800372918510966,-2.158036946743818,-1.5304301257519455
8,0,B,1.0,2.101045211769015,4.907399444746777,0.9821698589874275,0.7089580405712175,0.5975750267191664,2.4819788918757335,0.11601160936636458,0.0067708972154856,0.04283605018376427,0.0081404409406396,,,0.1518624265049146,0.02605828889009591,0.0067708972154856,0.002728023690148531,-3.212728092813413,-2.6797505002081614,-2.158082516218475,-1.530438726663714
8,1,A,1.0,1.250911734379705,1.7066217547223457,1.6402221381845703,0.8803515471759583,0.6497932817531713,0.4166629798841839,1.1521278798964087,0.6152589683007348,0.5824905403254991,1.376072550303522,,,0.8285638335609339,0.753202150457736,0.4166629798841839,0.2540283844390459,-0.3752903207786894,-0.3709384054373507,-0.3556434605648696,-0.2979447440339752
8,1,B,1.0,1.250911734379705,1.7066217547223463,0.6213142672260562,1.0604297362840656,0.15473553085627528,0.7813460965009911,1.1521278798964087,0.6152589683007348,1.1188818953069608,1.7021085756685357,,,0.7567363713845285,0.5606349562465631,0.15473553085627528,0.09090814362150777,-0.5549269950793685,-0.5420557517499718,-0.5018978850952177,-0.38815235421596606
8,2,A,1.0,1.214528629544412,1.5766144978526937,1.0510231040155933,0.7280427519359082,0.6893795722063416,0.46691107484367195,1.3595775411034314,0.3643589362369998,1.545908671859453,1.1406190833810719,,,0.8252583944612638,0.7325357095539606,0.3643589362369998,0.23569240723563625,-0.38318116234515687,-0.37829395323175513,-0.36121415884724095,-0.297961094907544
8,2,B,1.0,1.2145286295444118,1.5766144978526935,0.9418496635394911,0.7280427519359082,0.6893795722063416,0.6819423354863458,1.386745486889403,0.16933652479221808,1.545908671859453,1.1406190833810719,,,0.7774582033424542,0.592488814926691,0.16933652479221808,0.10953850500659679,-0.501270524187598,-0.4902028488829079,-0.45492736466573824,-0.35082406804522603
8,3,A,1.0,1.2342789526598659,1.667118861114623,0.7271589396607161,0.8444487417360858,0.7964100850753199,0.6885443469302776,1.2703495429004328,1.0785511751486134,1.6797750168267647,0.22600697342199985,,,0.8043147483236357,0.6665717819380178,0.22600697342199985,0.1345459785733365,-0.4341136353469027,-0.42680749629587744,-0.40224829703597387,-0.32048191697855194
8,3,B,1.0,1.2342789526598659,1.667118861114623,0.7304997964930194,1.6472881787914864,0.7007703402891895,0.44601314887861127,1.2703495429004328,0.6843293027415857,1.2443477106404566,0.657502185412015,,,0.8480423634866953,0.7829257522316676,0.44601314887861127,0.2707559943796984,-0.32889882425426786,-0.3249726932195025,-0.31114162559945313,-0.25853887002404125
8,4,A,1.0,1.280896669284436,1.759725033161347,0.5708312065298917,0.13531465887841654,1.2740549038390512,0.6946319987735968,1.660776413001748,1.0497054955013245,0.43777452917728343,1.2240938302935291,,,0.7090141705170433,0.49929760363978093,0.13531465887841654,0.08147674655003312,-0.6844129760580382,-0.6677425934419368,-0.6174073260333252,-0.48225230811181874
8,4,B,0.9999999999999999,1.2808966692844361,1.7597250331613468,0.3555389117055659,0.39931790367265246,1.544657271929852,0.7452271960875986,1.0652881407914123,1.0497054955013245,0.43777452917728343,1.531156635998566,,,0.7691595345841672,0.6592549501187059,0.3555389117055659,0.2301733324062013,-0.5237233282201854,-0.5175171486487443,-0.49592406109770015,-0.4172004586643173
8,5,A,1.0,1.1206212596895029,1.3078393158541264,1.4619231973090885,0.9362982349529538,0.18700205042576126,1.0543250567729,1.0510612573693654,0.9341363938794885,1.1072036335122835,0.7976933201519798,,,0.8339839247635243,0.6543007683774428,0.18700205042576126,0.12791509893951303,-0.3613133551990834,-0.352283119662704,-0.32300776996084757,-0.23376049227524973
8,5,B,1.0,1.1206212596895029,1.3078393158541264,0.9359735958253389,0.6917727663946043,0.45118730627009607,1.235414096898535,1.2521257204787593,1.313587182558233,1.1072036335122835,0.6295680259583721,,,0.8955641207243683,0.8340918223432354,0.45118730627009607,0.34347724480030417,-0.21993555639664983,-0.21644430898471306,-0.20414110467218277,-0.1572838485868406
8,6,A,0.9999999999999936,1.9442505501032343,4.156695904735031,0.07563145708514901,1.183168171305994,9.663465249905263e-05,2.3485088636419653,0.007612340767917898,0.9604559568893076,0.08660546860152445,0.3858302335439924,,,0.09161179882686046,0.0007612310381842456,9.663465249905263e-05,4.1147237719680486e-05,-3.1734703301979987,-2.6607700260979437,-2.1574539540865993,-1.5242691388231284
8,6,B,1.0,1.9442505501032277,4.156695904735012,0.018411520370181535,1.1832116567332118,0.00019485148376871097,2.3485088636419653,0.011254555663676736,0.9604559568893076,0.1185248507192486,0.38409220290311497,,,0.09148235608901599,0.0015126781409321582,0.00019485148376871097,8.296817047841317e-05,-3.345904336630557,-2.7284932267032698,-2.17029969671652,-1.5244453371509779
8,7,A,1.0,1.1211579689880489,1.3102947803944953,1.077316079066729,0.8244574006967437,1.3163545728823431,0.5207136535741067,1.3013949884642808,0.48945808990475503,1.1953188780592834,0.8909223488249953,,,0.8953471095571132,0.8340476742898325,0.48945808990475503,0.3718284571557478,-0.22042185740442743,-0.21693862466513614,-0.20465875556871438,-0.1578350987618491
8,7,B,1.0,1.1211579689880486,1.3102947803944953,1.1980692706872687,0.8523623985358318,1.423316837028365,0.2604353372494117,1.164430330402352,0.8041500611406224,0.9737314999070487,0.8909223488249953,,,0.862938159136519,0.7406075277552605,0.2604353372494117,0.18297776747526912,-0.2937313104357508,-0.288064131890867,-0.2687280748514606,-0.20185156042624508
8,8,A,0.9999999999999998,1.1787812446004922,1.4830798950804363,0.741340913731155,0.775095894313916,0.8861078885249736,0.2134196576548307,1.525651342872624,1.0206100397106508,1.3633252296216292,0.8893774839606565,,,0.8203740137300454,0.6696605337392714,0.2134196576548307,0.13988756910408268,-0.39449953387214665,-0.3868305574981921,-0.3613089945666897,-0.2784825305613618
8,8,B,0.9999999999999998,1.1787812446004924,1.4830798950804363,0.6656431460975976,0.5107293950278133,1.1268394768648444,0.534080003163785,1.525651342872624,0.7093918510057801,1.2150406141408998,1.197452929518738,,,0.8679834177049778,0.8045580993972526,0.5107293950278133,0.33476154130089075,-0.2824569397961163,-0.27875017519367973,-0.26567722004589445,-0.21577535816320106
8,9,A,1.0000000000000004,1.654972591241665,3.135299993186405,0.710084480530719,0.9241817739521005,2.1632590016985858,0.4038377468921498,0.250491550760318,0.5288335157708037,1.202408889389596,0.10341954975409821,,,0.5583335375601199,0.36675462260069436,0.10341954975409821,0.047807289683248023,-1.1595258746889645,-1.1301770260432065,-1.0477328238650383,-0.8455828392654801
8,9,B,1.0000000000000002,1.6549725912416648,3.135299993186405,0.710084480530719,0.6555575881397581,2.1632590016985858,0.2645780969999348,0.8645173459357116,0.2190236886059525,1.2145600500191809,0.21404548255652278,,,0.5817302423861916,0.4349421988957363,0.21404548255652278,0.09894584161603155,-1.0803332075636003,-1.0640799441832138,-1.0103561882120409,-0.8411592987872822
8,10,A,0.9999999999999992,1.4306853938089774,2.1486747361799234,1.4435874372223088,0.4966268414568851,1.5587841753822789,0.42896533497672096,0.1458847794559592,1.605133270069817,0.017669831699943475,0.67642466017313,,,0.4374785854358342,0.11231421294551891,0.017669831699943475,0.011008326865703124,-1.5473961112501962,-1.3607919656836032,-1.1522556060250373,-0.8534725732472802
8,10,B,1.0,1.4306853938089779,2.148674736179925,1.4435874372223088,0.4966268414568851,1.5587634374566268,0.42896533497672096,0.14091096077572204,1.605133270069817,0.037391193065149333,0.6767241417332458,,,0.4783976851030531,0.1922121327316104,0.037391193065149333,0.023294759234242873,-1.4400335993683029,-1.3276027219389044,-1.1454700360048724,-0.8529955644146643
8,11,A,1.0,1.5936868863529163,2.7025502204054703,0.39422635624468993,1.8487021477246193,0.11994407197949365,0.2595987893948375,0.4415025652086057,0.240236699230472,1.0869927613902597,1.7061407876035244,,,0.5084093386781813,0.34482027086578665,0.11994407197949365,0.06488014963747443,-1.3472539535720178,-1.3190043533201439,-1.2338047232103304,-1.003363357431057
8,11,B,1.0,1.5936868863529163,2.7025502204054703,0.38550481405291853,1.8487021477246193,0.055253885255319775,0.2595987893948375,0.4261565261356937,0.29655834993814056,1.0875519561100897,1.7061407876035244,,,0.4703956554028619,0.2476053316490888,0.055253885255319775,0.02988793263605292,-1.490980309483847,-1.421271623143466,-1.2793074958095823,-1.0104740259308866
10,0,A,1.0000000000000004,1.243520327374743,1.692657345952647,1.26825740138174,0.9844493647508105,0.7191587278565805,0.0233256432760227,0.7650355988516684,0.67290397734619,1.7242843510880712,1.3274296273404331,0.7631503067404702,0.7409086925732012,0.6523323375358552,0.1892053485778451,0.0233256432760227,0.013527724276627328,-0.7988135198812788,-0.6792367894704263,-0.546131437899614,-0.37701461234492645
10,0,B,1.0000000000000002,1.243520327374743,1.692657345952647,1.6492485317042451,0.7978594849188372,0.6673044658404018,0.048445664008778797,0.7650355988516684,1.064203054199245,0.9724470373570789,1.5495006810434608,0.7631503067404702,0.7409086925732012,0.7030610056083528,0.3270058521670295,0.048445664008778797,0.029374386623656802,-0.6884145770864989,-0.6291594000757428,-0.5269000284809988,-0.3696375630756272
10,1,A,0.9999999999999998,1.858644747290817,4.063471283554962,1.289108468627546,0.7118546496139528,0.5426611213108794,0.6264180117897731,0.8063559007932579,0.388038755198862,0.09888991879986837,0.5120747740488167,0.021047079966404907,2.464011974756984,0.4374007940218789,0.14405001161116726,0.021047079966404907,0.008541792889817712,-1.5846335262922255,-1.436537020268043,-1.247083747409325,-0.9628624139378352
10,1,B,1.0,1.858644747290817,4.063471283554962,1.289108468627546,0.6896343828034911,0.5247034523658018,0.6649630334450525,0.8063559007932579,0.388038755198862,0.08636155605874064,0.5120747740488167,0.05741434304002742,2.464011974756984,0.47679739258925785,0.24505105149956743,0.05741434304002742,0.023301162343454102,-1.4638206243710887,-1.3908160815204111,-1.2364641011702635,-0.9616891982694951
10,2,A,0.9999999999999998,1.254172317894659,1.6823398299392327,0.1727625954522329,0.8818213727475162,0.4599704674970623,0.3166041390439041,1.0277975660048049,1.6258970182709656,1.4523892344006035,0.8797714498608412,1.2567407196112015,0.8473456562226418,0.7417946002709572,0.5667674314309324,0.1727625954522329,0.10625678841329973,-0.5951913178909947,-0.5840853425979151,-0.5479732934085265,-0.43637340392231716
10,2,B,0.9999999999999997,1.254172317894659,1.6823398299392327,0.061473915232517905,1.0918761457752186,0.4599704674970623,0.3166041390439041,1.0277975660048049,0.9140185329425625,1.6274844940131141,0.9974266147826998,1.4962815315663645,0.8473456562226418,0.6724260209474141,0.3565314504144454,0.061473915232517905,0.03777235080190113,-0.7828299416219798,-0.7377643431991896,-0.6440577637385594,-0.4735355711703833
10,3,A,1.0,1.6641972622403896,2.999363866259375,1.129823419165271,0.5346555046773757,0.006104481851443218,0.08692268284264026,2.1449458029160837,1.308162727376613,0.12320431489221113,0.08159416435672867,0.22517923224747333,1.430183519373372,0.27952134402751,0.04882403893013243,0.006104481851443218,0.0028459841937004144,-2.2885010924841636,-2.0453592328134382,-1.7396173121554992,-1.2642133662247725
10,3,B,1.0000000000000002,1.6641972622403896,2.999363866259375,1.129823419165271,0.5346555046773757,0.017465610649700543,0.47339499819759856,1.8051978342928932,2.031541853805866,0.12320431489221113,0.10957505346066578,0.20069403686253875,0.8717046772090492,0.3661073169293979,0.11555073561149262,0.017465610649700543,0.00859721920913452,-1.9185872770987522,-1.7449626211298568,-1.5138518636114087,-1.136735634923554
10,4,A,1.0,1.1681391444706481,1.480445033256029,1.069024686662098,0.8529980922774865,1.0365658363649288,0.9737850022932707,0.8856880842855424,1.0894866912224563,0.6355388820673451,0.9264477360216328,0.21615669762798095,1.6812171427103157,0.847003891079431,0.7132524282387493,0.21615669762798095,0.12857155220265684,-0.3308337804973862,-0.3243055056434302,-0.3024314087813944,-0.22998257950879855
10,4,B,1.0,1.1681391444706484,1.480445033256029,1.069024686662098,0.8146897912618563,1.407429789402943,0.5877063424936094,0.8856880842855424,1.0894866912224563,0.6355388820673451,0.7648258602514104,0.6248313843352792,1.5863487155223395,0.8963829850907905,0.852250994686913,0.5877063424936094,0.3704773967683987,-0.2181735523079492,-0.21502353880846575,-0.20387862152718136,-0.16084947541491476
10,5,A,1.0000000000000002,1.338688193432467,1.9381537203367227,0.5295936132182592,1.3555436658562725,0.471668220453217,0.39926909810217925,0.45688290539416776,1.2440667376600887,1.7867256412870314,1.0731985283947332,1.173155694894742,0.1525232174843069,0.6951902464074076,0.5223710558544938,0.1525232174843069,0.08536465474041101,-0.7245465249401454,-0.7114066543408895,-0.6696301072480367,-0.5450814826873744
10,5,B,1.0000000000000002,1.338688193432467,1.9381537203367227,0.5506601313036181,1.3614514930587978,0.5859827437348593,0.39926909810217925,0.45688290539416776,1.658754218373114,1.5657494270067203,0.6456009919575578,1.173155694894742,0.3681819163427974,0.7522683390032288,0.653197856373276,0.3681819163427974,0.2219629118435073,-0.5681620228637151,-0.5620968077404734,-0.5409253703482271,-0.46291232347079053
10,6,A,1.0,1.1817356626714628,1.458681176831216,1.083035572679685,0.795323812344663,1.1958796853259033,0.8137016999099667,1.277122306310655,0.2653773196392662,0.25840712714020536,1.3103561350994983,0.7119931542008425,1.4526001173009058,0.7939170775825615,0.6442050230210616,0.25840712714020536,0.17789281720584935,-0.4600575831108391,-0.4523207310140447,-0.42608817859403103,-0.3373259394906013
10,6,B,1.0,1.181735662671463,1.458681176831216,1.083035572679685,0.8936771025761912,1.0145368618586177,0.8137016999099667,1.2209048540369074,0.2653773196392662,0.11846481606773371,1.4103736659138348,0.8140706411691244,1.4526001173009058,0.7428196389421388,0.5022252982790884,0.11846481606773371,0.08155363245313145,-0.5909176249366963,-0.5727889980685681,-0.5198277349704382,-0.38451535000346215
10,7,A,1.0,1.4695042640972342,2.293937173974578,0.023103858927842637,0.12732566164806455,0.0036533903320201642,1.580081849993,1.594077940853843,0.6274721727342052,0.47135381482242356,0.6549662657058338,0.9428545730564656,1.7354096359891245,0.31142199481905225,0.03003055944174288,0.0036533903320201642,0.0021052034379985774,-1.9310880135400166,-1.6184133176960747,-1.3134373873993888,-0.931301651631039
10,7,B,1.0,1.469504264097234,2.293937173974578,0.023103858927842637,0.03859007045348961,0.009809236504864866,1.6731685706634996,1.4717225923729922,0.6274721727342052,0.47135381482242356,0.6549662657058338,0.9878750842525711,1.7354096359891245,0.3058035636708413,0.055788428963386705,0.009809236504864866,0.005652404078806405,-2.1254091793791257,-1.7649396401010538,-1.3903629979221854,-0.9569461464554442
